keyword,category
experiment,
experimental,
laboratory,
image,imaging
imaging,imaging
sem,imaging
tomography,imaging
mri\b,imaging
scan,imaging
resonance,imaging
magnetic,imaging
pet,imaging
positron,imaging
xray,imaging
x-ray,imaging
microscopy,imaging
microscope,imaging
sem,imaging
optical,imaging
photo,imaging
micp,imaging
measure,
spectromet,imaging
scopy,imaging
spectroscopy,imaging
raman,imaging
infrared,imaging
synchrotron,imaging
laser,
fiji,image analysis
imagej,image analysis
opencv,image analysis
scikit-image,image analysis
dicom,image analysis
avizo,image analysis
dragonfly,image analysis
geoslicer,image analysis
puma,image analysis
pypore,image analysis
sequencing,image analysis
image analysis,image analysis
porespy,image analysis
